fpr,tpr,threshold
0.0,0.0,inf
0.0009293680297397769,0.0,0.8059324026107788
0.027881040892193308,0.0,0.6507185697555542
0.027881040892193308,0.0014903129657228018,0.6459652185440063
0.041821561338289966,0.0014903129657228018,0.621105968952179
0.041821561338289966,0.004470938897168405,0.6171624660491943
0.046468401486988845,0.004470938897168405,0.6100233793258667
0.046468401486988845,0.005961251862891207,0.609762966632843
0.047397769516728624,0.005961251862891207,0.6092762351036072
0.047397769516728624,0.007451564828614009,0.6081838607788086
0.05204460966542751,0.007451564828614009,0.6060431599617004
0.05204460966542751,0.00894187779433681,0.6056705117225647
0.05297397769516728,0.00894187779433681,0.60512775182724
0.05297397769516728,0.010432190760059613,0.6046821475028992
0.05762081784386617,0.010432190760059613,0.5985012650489807
0.05762081784386617,0.013412816691505217,0.5974357724189758
0.05947955390334572,0.013412816691505217,0.5946710109710693
0.05947955390334572,0.014903129657228018,0.5944586992263794
0.0604089219330855,0.014903129657228018,0.5919461846351624
0.0604089219330855,0.019374068554396422,0.5889999270439148
0.06691449814126393,0.019374068554396422,0.5805296897888184
0.06691449814126393,0.020864381520119227,0.5762704014778137
0.06784386617100371,0.020864381520119227,0.5754528641700745
0.06784386617100371,0.022354694485842028,0.5746088027954102
0.0687732342007435,0.022354694485842028,0.5745514035224915
0.0687732342007435,0.02384500745156483,0.5742740035057068
0.07063197026022305,0.02384500745156483,0.5734697580337524
0.07063197026022305,0.026825633383010434,0.5709183812141418
0.0724907063197026,0.026825633383010434,0.5707173943519592
0.0724907063197026,0.028315946348733235,0.5687171816825867
0.07342007434944238,0.028315946348733235,0.5686997771263123
0.07342007434944238,0.029806259314456036,0.5676425695419312
0.07527881040892194,0.029806259314456036,0.5627490878105164
0.07527881040892194,0.03129657228017884,0.5620378851890564
0.07806691449814127,0.03129657228017884,0.5601792335510254
0.07806691449814127,0.03427719821162444,0.5579164624214172
0.08736059479553904,0.03427719821162444,0.5507442951202393
0.08736059479553904,0.038748137108792845,0.5495427846908569
0.08828996282527882,0.038748137108792845,0.5492404103279114
0.08828996282527882,0.041728763040238454,0.5482226610183716
0.08921933085501858,0.041728763040238454,0.5472425818443298
0.08921933085501858,0.043219076005961254,0.5468930006027222
0.09107806691449814,0.043219076005961254,0.5454714298248291
0.09107806691449814,0.046199701937406856,0.5439987182617188
0.09758364312267657,0.046199701937406856,0.5399544835090637
0.09758364312267657,0.04918032786885246,0.5389618277549744
0.09944237918215613,0.04918032786885246,0.5387076735496521
0.09944237918215613,0.05067064083457526,0.5386309623718262
0.10037174721189591,0.05067064083457526,0.5386254191398621
0.10037174721189591,0.05514157973174367,0.5352269411087036
0.10687732342007435,0.05514157973174367,0.5327509045600891
0.10687732342007435,0.05663189269746647,0.5318446755409241
0.10966542750929369,0.05663189269746647,0.5265083312988281
0.10966542750929369,0.05812220566318927,0.526468813419342
0.11152416356877323,0.05812220566318927,0.5257015824317932
0.11152416356877323,0.06408345752608048,0.5242917537689209
0.1171003717472119,0.06408345752608048,0.5209567546844482
0.1171003717472119,0.06557377049180328,0.5195074677467346
0.11988847583643122,0.06557377049180328,0.518543004989624
0.11988847583643122,0.06706408345752608,0.5184305906295776
0.12174721189591078,0.06706408345752608,0.517789363861084
0.12174721189591078,0.07004470938897168,0.5170016884803772
0.12360594795539033,0.07004470938897168,0.5164927840232849
0.12360594795539033,0.07302533532041729,0.5161053538322449
0.13104089219330856,0.07302533532041729,0.5132854580879211
0.13104089219330856,0.07600596125186289,0.5123136639595032
0.13475836431226765,0.07600596125186289,0.510123610496521
0.13475836431226765,0.07749627421758569,0.5100802183151245
0.13568773234200743,0.07749627421758569,0.5095849633216858
0.13568773234200743,0.08047690014903129,0.5093491077423096
0.137546468401487,0.08047690014903129,0.5081584453582764
0.137546468401487,0.08792846497764531,0.5061352252960205
0.1421933085501859,0.08792846497764531,0.5042155981063843
0.1421933085501859,0.08941877794336811,0.5041091442108154
0.14405204460966542,0.08941877794336811,0.5017834901809692
0.14405204460966542,0.09239940387481371,0.5015393495559692
0.1449814126394052,0.09239940387481371,0.5014839172363281
0.1449814126394052,0.09388971684053651,0.5005266070365906
0.1496282527881041,0.09388971684053651,0.4987877905368805
0.1496282527881041,0.09538002980625931,0.4981800317764282
0.15148698884758363,0.09538002980625931,0.4977123439311981
0.15148698884758363,0.09985096870342772,0.4951142370700836
0.16171003717472118,0.09985096870342772,0.49068671464920044
0.16171003717472118,0.10134128166915052,0.4904789626598358
0.1691449814126394,0.10134128166915052,0.4867778718471527
0.1691449814126394,0.10283159463487332,0.48586755990982056
0.17472118959107807,0.10283159463487332,0.4835411608219147
0.17472118959107807,0.10432190760059612,0.4829751253128052
0.17936802973977695,0.10432190760059612,0.48211830854415894
0.17936802973977695,0.10581222056631892,0.4820839464664459
0.1821561338289963,0.10581222056631892,0.4802522361278534
0.1821561338289963,0.10879284649776454,0.47973501682281494
0.18494423791821563,0.10879284649776454,0.4777868688106537
0.18494423791821563,0.11028315946348734,0.47756749391555786
0.18680297397769516,0.11028315946348734,0.476124107837677
0.18680297397769516,0.11177347242921014,0.4754504859447479
0.1895910780669145,0.11177347242921014,0.47452622652053833
0.1895910780669145,0.11326378539493294,0.47383520007133484
0.19981412639405205,0.11326378539493294,0.46602240204811096
0.19981412639405205,0.11475409836065574,0.46583637595176697
0.20446096654275092,0.11475409836065574,0.4645382761955261
0.20446096654275092,0.11773472429210134,0.4639030396938324
0.21096654275092938,0.11773472429210134,0.4613398015499115
0.21096654275092938,0.11922503725782414,0.46086180210113525
0.21189591078066913,0.11922503725782414,0.4602033495903015
0.21189591078066913,0.12071535022354694,0.459657222032547
0.22211895910780668,0.12071535022354694,0.4557485580444336
0.22211895910780668,0.12369597615499255,0.4538276493549347
0.22397769516728624,0.12369597615499255,0.45284903049468994
0.22397769516728624,0.12667660208643816,0.4524661600589752
0.22769516728624536,0.12667660208643816,0.4496447741985321
0.22769516728624536,0.12816691505216096,0.4494996964931488
0.23141263940520446,0.12816691505216096,0.44823217391967773
0.23141263940520446,0.12965722801788376,0.4480820596218109
0.23513011152416358,0.12965722801788376,0.44687512516975403
0.23513011152416358,0.13114754098360656,0.44664472341537476
0.241635687732342,0.13114754098360656,0.4433063566684723
0.241635687732342,0.13561847988077497,0.44253793358802795
0.24721189591078066,0.13561847988077497,0.44096797704696655
0.24721189591078066,0.13710879284649777,0.4409150779247284
0.2527881040892193,0.13710879284649777,0.43854820728302
0.2527881040892193,0.13859910581222057,0.4382382035255432
0.2537174721189591,0.13859910581222057,0.43795302510261536
0.2537174721189591,0.14008941877794337,0.4376200735569
0.2620817843866171,0.14008941877794337,0.4356995224952698
0.2620817843866171,0.14157973174366617,0.43564897775650024
0.26301115241635686,0.14157973174366617,0.43490859866142273
0.26301115241635686,0.14456035767511177,0.4343152940273285
0.2648698884758364,0.14456035767511177,0.43396124243736267
0.2648698884758364,0.14605067064083457,0.43370169401168823
0.266728624535316,0.14605067064083457,0.43338972330093384
0.266728624535316,0.14754098360655737,0.433188796043396
0.26858736059479554,0.14754098360655737,0.43241164088249207
0.26858736059479554,0.14903129657228018,0.4318854808807373
0.27137546468401486,0.14903129657228018,0.43098554015159607
0.27137546468401486,0.15052160953800298,0.430953711271286
0.2741635687732342,0.15052160953800298,0.43025416135787964
0.2741635687732342,0.15201192250372578,0.4298037588596344
0.27695167286245354,0.15201192250372578,0.42945992946624756
0.27695167286245354,0.15499254843517138,0.42867615818977356
0.2778810408921933,0.15499254843517138,0.4286233186721802
0.2778810408921933,0.15946348733233978,0.42826706171035767
0.28066914498141265,0.15946348733233978,0.42763128876686096
0.28066914498141265,0.16393442622950818,0.4266963303089142
0.2825278810408922,0.16393442622950818,0.4261423647403717
0.2825278810408922,0.16542473919523099,0.42575186491012573
0.2843866171003718,0.16542473919523099,0.4249132573604584
0.2843866171003718,0.16840536512667661,0.42444705963134766
0.2862453531598513,0.16840536512667661,0.42303523421287537
0.2862453531598513,0.16989567809239942,0.4230045974254608
0.28903345724907065,0.16989567809239942,0.4228435754776001
0.28903345724907065,0.17287630402384502,0.4221576750278473
0.29182156133828996,0.17287630402384502,0.42148303985595703
0.29182156133828996,0.17585692995529062,0.4210032820701599
0.2936802973977695,0.17585692995529062,0.4204713702201843
0.2936802973977695,0.17734724292101342,0.42003101110458374
0.29739776951672864,0.17734724292101342,0.4189656674861908
0.29739776951672864,0.18032786885245902,0.41843298077583313
0.2983271375464684,0.18032786885245902,0.41814905405044556
0.2983271375464684,0.18181818181818182,0.4177522659301758
0.3020446096654275,0.18181818181818182,0.4169415235519409
0.3020446096654275,0.18330849478390462,0.41655614972114563
0.30576208178438663,0.18330849478390462,0.4153188467025757
0.30576208178438663,0.18479880774962743,0.4150775074958801
0.3066914498141264,0.18479880774962743,0.41491296887397766
0.3066914498141264,0.18628912071535023,0.4146265685558319
0.30855018587360594,0.18628912071535023,0.41321495175361633
0.30855018587360594,0.18777943368107303,0.4128051996231079
0.3104089219330855,0.18777943368107303,0.4120478928089142
0.3104089219330855,0.18926974664679583,0.4117734134197235
0.31133828996282525,0.18926974664679583,0.4114094078540802
0.31133828996282525,0.19076005961251863,0.41131526231765747
0.31226765799256506,0.19076005961251863,0.41128599643707275
0.31226765799256506,0.19225037257824143,0.4108566343784332
0.3215613382899628,0.19225037257824143,0.4093504846096039
0.3215613382899628,0.19374068554396423,0.40925276279449463
0.3252788104089219,0.19374068554396423,0.40862980484962463
0.3252788104089219,0.19523099850968703,0.40789422392845154
0.32620817843866173,0.19523099850968703,0.40781107544898987
0.32620817843866173,0.19672131147540983,0.4073804020881653
0.32806691449814124,0.19672131147540983,0.40711718797683716
0.32806691449814124,0.19821162444113263,0.40707042813301086
0.3308550185873606,0.19821162444113263,0.4063977599143982
0.3308550185873606,0.19970193740685543,0.4063119888305664
0.33271375464684017,0.19970193740685543,0.4056553244590759
0.33271375464684017,0.20119225037257824,0.4053865075111389
0.33643122676579923,0.20119225037257824,0.40492522716522217
0.33643122676579923,0.20417287630402384,0.404041051864624
0.34014869888475835,0.20417287630402384,0.4033243954181671
0.34014869888475835,0.20566318926974664,0.4029267132282257
0.3420074349442379,0.20566318926974664,0.40253889560699463
0.3420074349442379,0.20864381520119224,0.4021821618080139
0.3429368029739777,0.20864381520119224,0.40194442868232727
0.3429368029739777,0.22503725782414308,0.3998451828956604
0.34386617100371747,0.22503725782414308,0.39933955669403076
0.34386617100371747,0.22652757078986588,0.3991054594516754
0.3447955390334573,0.22652757078986588,0.3989896774291992
0.3447955390334573,0.22950819672131148,0.39894726872444153
0.34572490706319703,0.22950819672131148,0.3983631134033203
0.34572490706319703,0.23099850968703428,0.39835742115974426
0.3475836431226766,0.23099850968703428,0.39793646335601807
0.3475836431226766,0.23248882265275708,0.39769428968429565
0.34944237918215615,0.23248882265275708,0.3971337676048279
0.34944237918215615,0.23397913561847988,0.3957386314868927
0.3503717472118959,0.23397913561847988,0.39547911286354065
0.3503717472118959,0.23546944858420268,0.39514216780662537
0.35315985130111527,0.23546944858420268,0.3942590355873108
0.35315985130111527,0.23845007451564829,0.394045352935791
0.354089219330855,0.23845007451564829,0.3936850428581238
0.354089219330855,0.2399403874813711,0.3936225473880768
0.3559479553903346,0.2399403874813711,0.39300668239593506
0.3559479553903346,0.2414307004470939,0.39288949966430664
0.3587360594795539,0.2414307004470939,0.3925151526927948
0.3587360594795539,0.2444113263785395,0.3918243944644928
0.3596654275092937,0.2444113263785395,0.3913494944572449
0.3596654275092937,0.2503725782414307,0.3906574845314026
0.36152416356877326,0.2503725782414307,0.3901434540748596
0.36152416356877326,0.2533532041728763,0.38949280977249146
0.362453531598513,0.2533532041728763,0.3894878923892975
0.362453531598513,0.2593144560357675,0.3891189992427826
0.36338289962825276,0.2593144560357675,0.3888610303401947
0.36338289962825276,0.26229508196721313,0.3882657289505005
0.3671003717472119,0.26229508196721313,0.3867349326610565
0.3671003717472119,0.2667660208643815,0.3863629698753357
0.3680297397769517,0.2667660208643815,0.38589152693748474
0.3680297397769517,0.26825633383010433,0.3856896460056305
0.36895910780669144,0.26825633383010433,0.384117066860199
0.36895910780669144,0.2697466467958271,0.38359689712524414
0.36988847583643125,0.2697466467958271,0.3834248483181
0.36988847583643125,0.27123695976154993,0.38305291533470154
0.370817843866171,0.27123695976154993,0.3820374011993408
0.370817843866171,0.2727272727272727,0.3818187415599823
0.3736059479553903,0.2727272727272727,0.3807539939880371
0.3736059479553903,0.27421758569299554,0.38061660528182983
0.3754646840148699,0.27421758569299554,0.38003045320510864
0.3754646840148699,0.2757078986587183,0.37992456555366516
0.37732342007434944,0.2757078986587183,0.37985435128211975
0.37732342007434944,0.27719821162444114,0.37958428263664246
0.38104089219330856,0.27719821162444114,0.37912610173225403
0.38104089219330856,0.2786885245901639,0.3789891302585602
0.3819702602230483,0.2786885245901639,0.3789580166339874
0.3819702602230483,0.2816691505216095,0.37884873151779175
0.3856877323420074,0.2816691505216095,0.3786654472351074
0.3856877323420074,0.28315946348733234,0.37859857082366943
0.38940520446096655,0.28315946348733234,0.3777959942817688
0.38940520446096655,0.2846497764530551,0.3776615262031555
0.39312267657992567,0.2846497764530551,0.37736108899116516
0.39312267657992567,0.28614008941877794,0.37735965847969055
0.3940520446096654,0.28614008941877794,0.3773013651371002
0.3940520446096654,0.28912071535022354,0.3766401410102844
0.395910780669145,0.28912071535022354,0.376429945230484
0.395910780669145,0.2906110283159464,0.3764166831970215
0.4024163568773234,0.2906110283159464,0.3750304579734802
0.4024163568773234,0.29210134128166915,0.37423253059387207
0.4079925650557621,0.29210134128166915,0.3713909983634949
0.4079925650557621,0.29508196721311475,0.3705313205718994
0.4107806691449814,0.29508196721311475,0.3701530694961548
0.4107806691449814,0.2995529061102832,0.3693123459815979
0.4117100371747212,0.2995529061102832,0.3690614104270935
0.4117100371747212,0.3025335320417288,0.3686966598033905
0.4163568773234201,0.3025335320417288,0.3669450581073761
0.4163568773234201,0.30402384500745155,0.36693134903907776
0.41728624535315983,0.30402384500745155,0.3667469322681427
0.41728624535315983,0.3114754098360656,0.36616694927215576
0.42100371747211895,0.3114754098360656,0.3654300570487976
0.42100371747211895,0.3174366616989568,0.36508482694625854
0.42193308550185876,0.3174366616989568,0.36466842889785767
0.42193308550185876,0.31892697466467956,0.364461213350296
0.4247211895910781,0.31892697466467956,0.3641384243965149
0.4247211895910781,0.3204172876304024,0.36404600739479065
0.4256505576208178,0.3204172876304024,0.36384308338165283
0.4256505576208178,0.32190760059612517,0.3636499047279358
0.42657992565055763,0.32190760059612517,0.36347198486328125
0.42657992565055763,0.323397913561848,0.36343616247177124
0.4275092936802974,0.323397913561848,0.3630543351173401
0.4275092936802974,0.32488822652757077,0.36285221576690674
0.42936802973977695,0.32488822652757077,0.36250919103622437
0.42936802973977695,0.32786885245901637,0.3621271252632141
0.4312267657992565,0.32786885245901637,0.36170437932014465
0.4312267657992565,0.3293591654247392,0.3613049387931824
0.4451672862453532,0.3293591654247392,0.3582940399646759
0.4451672862453532,0.33084947839046197,0.3582910895347595
0.44609665427509293,0.33084947839046197,0.3580024242401123
0.44609665427509293,0.3323397913561848,0.3579634130001068
0.44888475836431224,0.3323397913561848,0.35783401131629944
0.44888475836431224,0.33383010432190763,0.35724806785583496
0.44981412639405205,0.33383010432190763,0.3572351336479187
0.44981412639405205,0.3353204172876304,0.3569375276565552
0.45353159851301117,0.3353204172876304,0.3556363582611084
0.45353159851301117,0.33681073025335323,0.3556167185306549
0.4544609665427509,0.33681073025335323,0.35527917742729187
0.4544609665427509,0.34277198211624443,0.35464686155319214
0.4628252788104089,0.34277198211624443,0.35334110260009766
0.4628252788104089,0.3472429210134128,0.3524719476699829
0.4646840148698885,0.3472429210134128,0.35229089856147766
0.4646840148698885,0.3502235469448584,0.3520585894584656
0.4656133828996282,0.3502235469448584,0.35204920172691345
0.4656133828996282,0.353204172876304,0.35141775012016296
0.4674721189591078,0.353204172876304,0.3509471118450165
0.4674721189591078,0.35469448584202684,0.3508993089199066
0.46933085501858735,0.35469448584202684,0.350490003824234
0.46933085501858735,0.35767511177347244,0.35032451152801514
0.47026022304832715,0.35767511177347244,0.34957385063171387
0.47026022304832715,0.3591654247391952,0.3494799733161926
0.4721189591078067,0.3591654247391952,0.3494076728820801
0.4721189591078067,0.3651266766020864,0.34833696484565735
0.4758364312267658,0.3651266766020864,0.34803423285484314
0.4758364312267658,0.368107302533532,0.3477630019187927
0.47769516728624534,0.368107302533532,0.34743982553482056
0.47769516728624534,0.37257824143070045,0.34628012776374817
0.4804832713754647,0.37257824143070045,0.3461526334285736
0.4804832713754647,0.3740685543964232,0.3459923267364502
0.48141263940520446,0.3740685543964232,0.34572941064834595
0.48141263940520446,0.37853949329359166,0.3449183404445648
0.483271375464684,0.37853949329359166,0.344538152217865
0.483271375464684,0.38002980625931443,0.3441019058227539
0.48420074349442377,0.38002980625931443,0.3438454866409302
0.48420074349442377,0.3830104321907601,0.3434807062149048
0.48977695167286245,0.3830104321907601,0.3417072594165802
0.48977695167286245,0.38450074515648286,0.34161972999572754
0.49070631970260226,0.38450074515648286,0.3415866494178772
0.49070631970260226,0.3859910581222057,0.3411502242088318
0.4962825278810409,0.3859910581222057,0.3400375247001648
0.4962825278810409,0.38748137108792846,0.3399110436439514
0.49907063197026025,0.38748137108792846,0.3392774760723114
0.49907063197026025,0.3889716840536513,0.33927100896835327
0.5018587360594795,0.3889716840536513,0.33869946002960205
0.5018587360594795,0.3919523099850969,0.3386615514755249
0.5037174721189591,0.3919523099850969,0.3385716676712036
0.5037174721189591,0.39344262295081966,0.33853650093078613
0.5065055762081785,0.39344262295081966,0.3376130759716034
0.5065055762081785,0.3949329359165425,0.3374439775943756
0.5102230483271375,0.3949329359165425,0.337142676115036
0.5102230483271375,0.3979135618479881,0.33669131994247437
0.5111524163568774,0.3979135618479881,0.33614248037338257
0.5111524163568774,0.39940387481371087,0.33604535460472107
0.5130111524163569,0.39940387481371087,0.3356820344924927
0.5130111524163569,0.4008941877794337,0.3355863690376282
0.5148698884758365,0.4008941877794337,0.3351171910762787
0.5148698884758365,0.40238450074515647,0.33469244837760925
0.5157992565055762,0.40238450074515647,0.3345310688018799
0.5157992565055762,0.4038748137108793,0.3343907594680786
0.5176579925650557,0.4038748137108793,0.3339848518371582
0.5176579925650557,0.40536512667660207,0.3337708115577698
0.5185873605947955,0.40536512667660207,0.3337421715259552
0.5185873605947955,0.4068554396423249,0.33363237977027893
0.5195167286245354,0.4068554396423249,0.3335578739643097
0.5195167286245354,0.4113263785394933,0.33334752917289734
0.5213754646840149,0.4113263785394933,0.33233049511909485
0.5213754646840149,0.4128166915052161,0.33232223987579346
0.5232342007434945,0.4128166915052161,0.3322162628173828
0.5232342007434945,0.4157973174366617,0.33146417140960693
0.5260223048327137,0.4157973174366617,0.3304489552974701
0.5260223048327137,0.4172876304023845,0.3299185633659363
0.5278810408921933,0.4172876304023845,0.32979103922843933
0.5278810408921933,0.4217585692995529,0.32951945066452026
0.5288104089219331,0.4217585692995529,0.32926470041275024
0.5288104089219331,0.4232488822652757,0.3290943205356598
0.5297397769516728,0.4232488822652757,0.3290390968322754
0.5297397769516728,0.4247391952309985,0.3289607763290405
0.5306691449814126,0.4247391952309985,0.32887697219848633
0.5306691449814126,0.4262295081967213,0.3286699652671814
0.5343866171003717,0.4262295081967213,0.3276214003562927
0.5343866171003717,0.42921013412816694,0.32723772525787354
0.5353159851301115,0.42921013412816694,0.3271723985671997
0.5353159851301115,0.4307004470938897,0.3270304501056671
0.5371747211895911,0.4307004470938897,0.32652202248573303
0.5371747211895911,0.4366616989567809,0.3258478045463562
0.5399628252788105,0.4366616989567809,0.32573366165161133
0.5399628252788105,0.4396423248882265,0.3255872428417206
0.5436802973977695,0.4396423248882265,0.3242735266685486
0.5436802973977695,0.44411326378539495,0.3237829804420471
0.5492565055762082,0.44411326378539495,0.32339444756507874
0.5492565055762082,0.45305514157973176,0.3227343261241913
0.550185873605948,0.45305514157973176,0.32268092036247253
0.550185873605948,0.45603576751117736,0.3225153088569641
0.5520446096654275,0.45603576751117736,0.32207930088043213
0.5520446096654275,0.45752608047690013,0.32190820574760437
0.5557620817843866,0.45752608047690013,0.32161304354667664
0.5557620817843866,0.45901639344262296,0.3215236961841583
0.5585501858736059,0.45901639344262296,0.32097235321998596
0.5585501858736059,0.46050670640834573,0.3208998441696167
0.5594795539033457,0.46050670640834573,0.3206658959388733
0.5594795539033457,0.46199701937406856,0.3202301859855652
0.5613382899628253,0.46199701937406856,0.3192182779312134
0.5613382899628253,0.46348733233979134,0.3191317021846771
0.5622676579925651,0.46348733233979134,0.31899043917655945
0.5622676579925651,0.46944858420268254,0.31764644384384155
0.5678438661710037,0.46944858420268254,0.3163372874259949
0.5678438661710037,0.47093889716840537,0.31630992889404297
0.5687732342007435,0.47093889716840537,0.31563159823417664
0.5687732342007435,0.47391952309985097,0.3154403567314148
0.570631970260223,0.47391952309985097,0.3150397539138794
0.570631970260223,0.47540983606557374,0.314879447221756
0.5724907063197026,0.47540983606557374,0.314632773399353
0.5724907063197026,0.47690014903129657,0.31451740860939026
0.5743494423791822,0.47690014903129657,0.31438004970550537
0.5743494423791822,0.4798807749627422,0.3142220079898834
0.5762081784386617,0.4798807749627422,0.31404033303260803
0.5762081784386617,0.481371087928465,0.31402239203453064
0.5771375464684015,0.481371087928465,0.3138335943222046
0.5771375464684015,0.4828614008941878,0.3137829899787903
0.5780669144981413,0.4828614008941878,0.313693642616272
0.5780669144981413,0.4858420268256334,0.3128354847431183
0.5817843866171004,0.4858420268256334,0.3113909065723419
0.5817843866171004,0.4873323397913562,0.3113880455493927
0.5845724907063197,0.4873323397913562,0.31093621253967285
0.5845724907063197,0.488822652757079,0.3108859658241272
0.5855018587360595,0.488822652757079,0.3107001781463623
0.5855018587360595,0.4903129657228018,0.31055712699890137
0.5864312267657993,0.4903129657228018,0.3104671537876129
0.5864312267657993,0.4918032786885246,0.31033360958099365
0.5910780669144982,0.4918032786885246,0.3098539710044861
0.5910780669144982,0.4932935916542474,0.30961865186691284
0.5920074349442379,0.4932935916542474,0.30958494544029236
0.5920074349442379,0.4947839046199702,0.30945488810539246
0.595724907063197,0.4947839046199702,0.3091062307357788
0.595724907063197,0.496274217585693,0.30880051851272583
0.5966542750929368,0.496274217585693,0.30855998396873474
0.5966542750929368,0.503725782414307,0.30831456184387207
0.5975836431226765,0.503725782414307,0.3073325455188751
0.5975836431226765,0.5052160953800298,0.3069297969341278
0.6003717472118959,0.5052160953800298,0.3065474331378937
0.6003717472118959,0.5067064083457526,0.30640143156051636
0.604089219330855,0.5067064083457526,0.30554091930389404
0.604089219330855,0.5096870342771982,0.30540159344673157
0.6059479553903345,0.5096870342771982,0.30510368943214417
0.6059479553903345,0.5141579731743666,0.30479973554611206
0.6068773234200744,0.5141579731743666,0.304653137922287
0.6068773234200744,0.5156482861400894,0.3045080006122589
0.6096654275092936,0.5156482861400894,0.30383458733558655
0.6096654275092936,0.5171385991058122,0.30375126004219055
0.6115241635687733,0.5171385991058122,0.3037029802799225
0.6115241635687733,0.518628912071535,0.3036699593067169
0.6152416356877324,0.518628912071535,0.30345311760902405
0.6152416356877324,0.5245901639344263,0.30309468507766724
0.6161710037174721,0.5245901639344263,0.30292871594429016
0.6161710037174721,0.5275707898658718,0.30250874161720276
0.6189591078066915,0.5275707898658718,0.3017737567424774
0.6189591078066915,0.5305514157973175,0.30155983567237854
0.6198884758364313,0.5305514157973175,0.3015461266040802
0.6198884758364313,0.5320417287630402,0.3014846742153168
0.6236059479553904,0.5320417287630402,0.3007704019546509
0.6236059479553904,0.533532041728763,0.3005017340183258
0.6301115241635687,0.533532041728763,0.29997891187667847
0.6301115241635687,0.5350223546944859,0.29976820945739746
0.6347583643122676,0.5350223546944859,0.2991371154785156
0.6347583643122676,0.5394932935916542,0.2989124655723572
0.6356877323420075,0.5394932935916542,0.2988574206829071
0.6356877323420075,0.5409836065573771,0.2986662685871124
0.6440520446096655,0.5409836065573771,0.29696840047836304
0.6440520446096655,0.5454545454545454,0.2965213358402252
0.6496282527881041,0.5454545454545454,0.2957276403903961
0.6496282527881041,0.5484351713859911,0.2953978478908539
0.6570631970260223,0.5484351713859911,0.2941886782646179
0.6570631970260223,0.5499254843517138,0.2941376268863678
0.6663568773234201,0.5499254843517138,0.2920912206172943
0.6663568773234201,0.5529061102831595,0.29192113876342773
0.6691449814126395,0.5529061102831595,0.2916812002658844
0.6691449814126395,0.5573770491803278,0.29126495122909546
0.6700743494423792,0.5573770491803278,0.2912611961364746
0.6700743494423792,0.5588673621460507,0.29109835624694824
0.671003717472119,0.5588673621460507,0.29104098677635193
0.671003717472119,0.5603576751117735,0.2907882332801819
0.6728624535315985,0.5603576751117735,0.2903776466846466
0.6728624535315985,0.5618479880774963,0.2897842228412628
0.6737918215613383,0.5618479880774963,0.28976479172706604
0.6737918215613383,0.5663189269746647,0.2888403832912445
0.6747211895910781,0.5663189269746647,0.2887674868106842
0.6747211895910781,0.5678092399403875,0.2887130379676819
0.6765799256505576,0.5678092399403875,0.2883042097091675
0.6765799256505576,0.5692995529061102,0.2880982756614685
0.6775092936802974,0.5692995529061102,0.28808367252349854
0.6775092936802974,0.5707898658718331,0.28722724318504333
0.6784386617100372,0.5707898658718331,0.28721970319747925
0.6784386617100372,0.5722801788375559,0.2871948778629303
0.6802973977695167,0.5722801788375559,0.28703179955482483
0.6802973977695167,0.5752608047690015,0.2861328721046448
0.6812267657992565,0.5752608047690015,0.2859927713871002
0.6812267657992565,0.5767511177347243,0.2858235239982605
0.6821561338289963,0.5767511177347243,0.2857692837715149
0.6821561338289963,0.5782414307004471,0.284762978553772
0.6840148698884758,0.5782414307004471,0.2841048240661621
0.6840148698884758,0.5797317436661699,0.2839230000972748
0.6849442379182156,0.5797317436661699,0.2835763096809387
0.6849442379182156,0.5827123695976155,0.2833431363105774
0.6895910780669146,0.5827123695976155,0.282121479511261
0.6895910780669146,0.5856929955290611,0.28123706579208374
0.6905204460966543,0.5856929955290611,0.2812242805957794
0.6905204460966543,0.587183308494784,0.28118929266929626
0.6914498141263941,0.587183308494784,0.281116247177124
0.6914498141263941,0.5901639344262295,0.2805931270122528
0.6951672862453532,0.5901639344262295,0.28022146224975586
0.6951672862453532,0.5931445603576752,0.27995866537094116
0.6988847583643123,0.5931445603576752,0.27884721755981445
0.6988847583643123,0.5946348733233979,0.27802687883377075
0.699814126394052,0.5946348733233979,0.2775247097015381
0.699814126394052,0.5961251862891207,0.27734729647636414
0.7007434944237918,0.5961251862891207,0.2772373855113983
0.7007434944237918,0.5976154992548435,0.27717286348342896
0.7026022304832714,0.5976154992548435,0.2767026126384735
0.7026022304832714,0.5991058122205664,0.27669045329093933
0.7053903345724907,0.5991058122205664,0.2762269675731659
0.7053903345724907,0.6035767511177347,0.2755332589149475
0.7072490706319703,0.6035767511177347,0.27551543712615967
0.7072490706319703,0.6080476900149031,0.27517372369766235
0.70817843866171,0.6080476900149031,0.27516111731529236
0.70817843866171,0.6110283159463488,0.2749749422073364
0.7100371747211895,0.6110283159463488,0.2748152017593384
0.7100371747211895,0.6140089418777943,0.274647057056427
0.7109665427509294,0.6140089418777943,0.27379366755485535
0.7109665427509294,0.6154992548435171,0.27357807755470276
0.7137546468401487,0.6154992548435171,0.27225932478904724
0.7137546468401487,0.6229508196721312,0.27094048261642456
0.7156133828996283,0.6229508196721312,0.27064645290374756
0.7156133828996283,0.6304023845007451,0.2703598141670227
0.716542750929368,0.6304023845007451,0.27033042907714844
0.716542750929368,0.6333830104321908,0.26988571882247925
0.7184014869888475,0.6333830104321908,0.2689360976219177
0.7184014869888475,0.639344262295082,0.26831620931625366
0.7221189591078067,0.639344262295082,0.26745957136154175
0.7221189591078067,0.6423248882265276,0.26669538021087646
0.7230483271375465,0.6423248882265276,0.26656752824783325
0.7230483271375465,0.6453055141579732,0.2662520408630371
0.724907063197026,0.6453055141579732,0.26605087518692017
0.724907063197026,0.6482861400894188,0.2650124430656433
0.7258364312267658,0.6482861400894188,0.2647235691547394
0.7258364312267658,0.6497764530551415,0.2643266022205353
0.7267657992565055,0.6497764530551415,0.26423630118370056
0.7267657992565055,0.6512667660208644,0.26350510120391846
0.7304832713754646,0.6512667660208644,0.2626149356365204
0.7304832713754646,0.6527570789865872,0.2619786560535431
0.7314126394052045,0.6527570789865872,0.2617829442024231
0.7314126394052045,0.6557377049180327,0.26128655672073364
0.733271375464684,0.6557377049180327,0.26073262095451355
0.733271375464684,0.6587183308494784,0.26006269454956055
0.7397769516728625,0.6587183308494784,0.2580793797969818
0.7397769516728625,0.6646795827123696,0.25767555832862854
0.7407063197026023,0.6646795827123696,0.2574678063392639
0.7407063197026023,0.6661698956780924,0.2572815716266632
0.7434944237918215,0.6661698956780924,0.25583115220069885
0.7434944237918215,0.6676602086438153,0.2555943429470062
0.7444237918215614,0.6676602086438153,0.25553691387176514
0.7444237918215614,0.6706408345752608,0.25502926111221313
0.7462825278810409,0.6706408345752608,0.2548210322856903
0.7462825278810409,0.6721311475409836,0.2547997534275055
0.7472118959107806,0.6721311475409836,0.2543506920337677
0.7472118959107806,0.6736214605067065,0.25411951541900635
0.7509293680297398,0.6736214605067065,0.25381964445114136
0.7509293680297398,0.676602086438152,0.2533682882785797
0.7537174721189591,0.676602086438152,0.25265663862228394
0.7537174721189591,0.6795827123695977,0.2520866096019745
0.7546468401486989,0.6795827123695977,0.25174808502197266
0.7546468401486989,0.6810730253353204,0.2515679597854614
0.7574349442379182,0.6810730253353204,0.2513919472694397
0.7574349442379182,0.6825633383010432,0.2512562870979309
0.758364312267658,0.6825633383010432,0.25086942315101624
0.758364312267658,0.684053651266766,0.25069931149482727
0.7592936802973977,0.684053651266766,0.2504672706127167
0.7592936802973977,0.6855439642324889,0.25034254789352417
0.7602230483271375,0.6855439642324889,0.2501083314418793
0.7602230483271375,0.6870342771982116,0.2500080466270447
0.7611524163568774,0.6870342771982116,0.2499951869249344
0.7611524163568774,0.6929955290611028,0.2490595281124115
0.7639405204460966,0.6929955290611028,0.24819517135620117
0.7639405204460966,0.6974664679582713,0.24743901193141937
0.7685873605947955,0.6974664679582713,0.24632665514945984
0.7685873605947955,0.698956780923994,0.2461405247449875
0.7695167286245354,0.698956780923994,0.24590632319450378
0.7695167286245354,0.7019374068554396,0.2456020712852478
0.7704460966542751,0.7019374068554396,0.24560114741325378
0.7704460966542751,0.7034277198211625,0.2453124225139618
0.7815985130111525,0.7034277198211625,0.2435959130525589
0.7815985130111525,0.7049180327868853,0.24351583421230316
0.783457249070632,0.7049180327868853,0.24291789531707764
0.783457249070632,0.706408345752608,0.2428833246231079
0.7862453531598513,0.706408345752608,0.24242003262043
0.7862453531598513,0.7078986587183308,0.2423829287290573
0.7871747211895911,0.7078986587183308,0.241768017411232
0.7871747211895911,0.7093889716840537,0.24151350557804108
0.7899628252788105,0.7093889716840537,0.24090994894504547
0.7899628252788105,0.7108792846497765,0.2407762110233307
0.7946096654275093,0.7108792846497765,0.23967984318733215
0.7946096654275093,0.713859910581222,0.23882092535495758
0.7955390334572491,0.713859910581222,0.23857924342155457
0.7955390334572491,0.7168405365126677,0.23822708427906036
0.7973977695167286,0.7168405365126677,0.23793676495552063
0.7973977695167286,0.7183308494783904,0.23765088617801666
0.8048327137546468,0.7183308494783904,0.23595184087753296
0.8048327137546468,0.7198211624441133,0.2358899712562561
0.8076208178438662,0.7198211624441133,0.2355438619852066
0.8076208178438662,0.7213114754098361,0.23544646799564362
0.8085501858736059,0.7213114754098361,0.23544014990329742
0.8085501858736059,0.7257824143070045,0.23502977192401886
0.8094795539033457,0.7257824143070045,0.234755277633667
0.8094795539033457,0.7272727272727273,0.23455888032913208
0.8104089219330854,0.7272727272727273,0.2341374158859253
0.8104089219330854,0.7287630402384501,0.23392565548419952
0.8122676579925651,0.7287630402384501,0.23347662389278412
0.8122676579925651,0.7317436661698957,0.23261719942092896
0.8150557620817844,0.7317436661698957,0.23190508782863617
0.8150557620817844,0.7332339791356185,0.2315082997083664
0.8159851301115242,0.7332339791356185,0.23144501447677612
0.8159851301115242,0.736214605067064,0.230628103017807
0.8187732342007435,0.736214605067064,0.2297775000333786
0.8187732342007435,0.7377049180327869,0.22956453263759613
0.820631970260223,0.7377049180327869,0.22929491102695465
0.820631970260223,0.7391952309985097,0.22923056781291962
0.8215613382899628,0.7391952309985097,0.22910340130329132
0.8215613382899628,0.7421758569299552,0.22877700626850128
0.8234200743494424,0.7421758569299552,0.22867730259895325
0.8234200743494424,0.7436661698956781,0.22844325006008148
0.8243494423791822,0.7436661698956781,0.2281387448310852
0.8243494423791822,0.7451564828614009,0.2278781682252884
0.8252788104089219,0.7451564828614009,0.22784900665283203
0.8252788104089219,0.7481371087928465,0.22725987434387207
0.8271375464684015,0.7481371087928465,0.22614139318466187
0.8271375464684015,0.7496274217585693,0.22608360648155212
0.8317843866171004,0.7496274217585693,0.22524124383926392
0.8317843866171004,0.7526080476900149,0.2249547392129898
0.837360594795539,0.7526080476900149,0.2239876389503479
0.837360594795539,0.7540983606557377,0.22392883896827698
0.8392193308550185,0.7540983606557377,0.22374024987220764
0.8392193308550185,0.7600596125186289,0.22277361154556274
0.8401486988847584,0.7600596125186289,0.2225220501422882
0.8401486988847584,0.7615499254843517,0.22189679741859436
0.8429368029739777,0.7615499254843517,0.22163105010986328
0.8429368029739777,0.7645305514157973,0.2210448980331421
0.8475836431226765,0.7645305514157973,0.21963894367218018
0.8475836431226765,0.7660208643815202,0.2188253253698349
0.8522304832713755,0.7660208643815202,0.21608290076255798
0.8522304832713755,0.7690014903129657,0.2160176783800125
0.8531598513011153,0.7690014903129657,0.21580980718135834
0.8531598513011153,0.7734724292101341,0.21557269990444183
0.854089219330855,0.7734724292101341,0.21551132202148438
0.854089219330855,0.7824143070044709,0.21399249136447906
0.8550185873605948,0.7824143070044709,0.21386615931987762
0.8550185873605948,0.7853949329359166,0.2132561057806015
0.8568773234200744,0.7853949329359166,0.21298962831497192
0.8568773234200744,0.7868852459016393,0.21287156641483307
0.8615241635687733,0.7868852459016393,0.2112610638141632
0.8615241635687733,0.7883755588673621,0.21124976873397827
0.8633828996282528,0.7883755588673621,0.21094374358654022
0.8633828996282528,0.789865871833085,0.2094671130180359
0.8671003717472119,0.789865871833085,0.20820344984531403
0.8671003717472119,0.7928464977645305,0.20734024047851562
0.8689591078066915,0.7928464977645305,0.20706801116466522
0.8689591078066915,0.7958271236959762,0.2064782828092575
0.8698884758364313,0.7958271236959762,0.20638279616832733
0.8698884758364313,0.797317436661699,0.20629668235778809
0.8717472118959108,0.797317436661699,0.20501826703548431
0.8717472118959108,0.7988077496274217,0.20484857261180878
0.8726765799256505,0.7988077496274217,0.20437243580818176
0.8726765799256505,0.8017883755588674,0.20381438732147217
0.8745353159851301,0.8017883755588674,0.20348189771175385
0.8745353159851301,0.8032786885245902,0.20339666306972504
0.8754646840148699,0.8032786885245902,0.2032415121793747
0.8754646840148699,0.8077496274217586,0.2031458616256714
0.8763940520446096,0.8077496274217586,0.20256416499614716
0.8763940520446096,0.8107302533532041,0.20235508680343628
0.8828996282527881,0.8107302533532041,0.20027998089790344
0.8828996282527881,0.812220566318927,0.19996507465839386
0.8838289962825279,0.812220566318927,0.19954651594161987
0.8838289962825279,0.8137108792846498,0.19952571392059326
0.8856877323420075,0.8137108792846498,0.19887399673461914
0.8856877323420075,0.8152011922503726,0.1987452656030655
0.8866171003717472,0.8152011922503726,0.19772884249687195
0.8866171003717472,0.8166915052160953,0.19762659072875977
0.8903345724907064,0.8166915052160953,0.1971437633037567
0.8903345724907064,0.8181818181818182,0.19658198952674866
0.8931226765799256,0.8181818181818182,0.19607840478420258
0.8931226765799256,0.819672131147541,0.19595301151275635
0.8949814126394052,0.819672131147541,0.19514822959899902
0.8949814126394052,0.8211624441132638,0.19470392167568207
0.895910780669145,0.8211624441132638,0.19352978467941284
0.895910780669145,0.8226527570789866,0.1933354288339615
0.9005576208178439,0.8226527570789866,0.192693829536438
0.9005576208178439,0.8241430700447094,0.19258297979831696
0.9014869888475836,0.8241430700447094,0.19255214929580688
0.9014869888475836,0.8256333830104322,0.1922455132007599
0.9024163568773235,0.8256333830104322,0.19221512973308563
0.9024163568773235,0.827123695976155,0.19202911853790283
0.9052044609665427,0.827123695976155,0.19089792668819427
0.9052044609665427,0.8286140089418778,0.1904926300048828
0.9070631970260223,0.8286140089418778,0.19003978371620178
0.9070631970260223,0.8330849478390462,0.18950240314006805
0.9079925650557621,0.8330849478390462,0.18912246823310852
0.9079925650557621,0.842026825633383,0.18768951296806335
0.9098513011152416,0.842026825633383,0.18665777146816254
0.9098513011152416,0.8435171385991058,0.18664665520191193
0.9107806691449815,0.8435171385991058,0.18652787804603577
0.9107806691449815,0.8464977645305514,0.18602655827999115
0.9117100371747212,0.8464977645305514,0.1855899542570114
0.9117100371747212,0.8479880774962743,0.18519194424152374
0.912639405204461,0.8479880774962743,0.18511277437210083
0.912639405204461,0.849478390461997,0.18467529118061066
0.9135687732342007,0.849478390461997,0.18437577784061432
0.9135687732342007,0.8524590163934426,0.18366631865501404
0.9144981412639405,0.8524590163934426,0.1830866038799286
0.9144981412639405,0.8554396423248882,0.18278147280216217
0.9154275092936803,0.8554396423248882,0.18172265589237213
0.9154275092936803,0.856929955290611,0.18149062991142273
0.9200743494423792,0.856929955290611,0.18066313862800598
0.9200743494423792,0.8584202682563339,0.18039682507514954
0.921003717472119,0.8584202682563339,0.1802963763475418
0.921003717472119,0.8614008941877794,0.18009023368358612
0.9219330855018587,0.8614008941877794,0.17947986721992493
0.9219330855018587,0.8643815201192251,0.17897838354110718
0.9228624535315985,0.8643815201192251,0.1774156391620636
0.9228624535315985,0.8688524590163934,0.17683830857276917
0.9237918215613383,0.8688524590163934,0.17658638954162598
0.9237918215613383,0.8733233979135618,0.17549104988574982
0.9247211895910781,0.8733233979135618,0.175458624958992
0.9247211895910781,0.8748137108792846,0.17536529898643494
0.9256505576208178,0.8748137108792846,0.1751139760017395
0.9256505576208178,0.879284649776453,0.17461133003234863
0.9275092936802974,0.879284649776453,0.17444917559623718
0.9275092936802974,0.8822652757078987,0.17338494956493378
0.9284386617100372,0.8822652757078987,0.17302265763282776
0.9284386617100372,0.8837555886736215,0.172978475689888
0.929368029739777,0.8837555886736215,0.17284388840198517
0.929368029739777,0.8852459016393442,0.17267858982086182
0.9312267657992565,0.8852459016393442,0.17082181572914124
0.9312267657992565,0.886736214605067,0.1707931011915207
0.9321561338289963,0.886736214605067,0.17054159939289093
0.9321561338289963,0.8882265275707899,0.1699940413236618
0.9330855018587361,0.8882265275707899,0.16977819800376892
0.9330855018587361,0.8926974664679582,0.1691312938928604
0.9340148698884758,0.8926974664679582,0.16891400516033173
0.9340148698884758,0.8986587183308494,0.1682177037000656
0.9349442379182156,0.8986587183308494,0.1679806262254715
0.9349442379182156,0.9001490312965723,0.1678341180086136
0.9358736059479554,0.9001490312965723,0.1675354540348053
0.9358736059479554,0.9016393442622951,0.16744831204414368
0.9368029739776952,0.9016393442622951,0.16713440418243408
0.9368029739776952,0.9090909090909091,0.16589702665805817
0.9377323420074349,0.9090909090909091,0.16578872501850128
0.9377323420074349,0.910581222056632,0.16550344228744507
0.9386617100371747,0.910581222056632,0.16550274193286896
0.9386617100371747,0.9120715350223547,0.16541308164596558
0.9395910780669146,0.9120715350223547,0.1653645783662796
0.9395910780669146,0.9150521609538003,0.16500744223594666
0.9405204460966543,0.9150521609538003,0.16497856378555298
0.9405204460966543,0.9195230998509687,0.1643836349248886
0.9423791821561338,0.9195230998509687,0.16417944431304932
0.9423791821561338,0.9210134128166915,0.1639666110277176
0.9433085501858736,0.9210134128166915,0.16379383206367493
0.9433085501858736,0.9225037257824144,0.1636229157447815
0.9442379182156134,0.9225037257824144,0.16304025053977966
0.9442379182156134,0.9239940387481371,0.16295494139194489
0.9451672862453532,0.9239940387481371,0.16293342411518097
0.9451672862453532,0.9254843517138599,0.16292084753513336
0.9479553903345725,0.9254843517138599,0.16265007853507996
0.9479553903345725,0.9344262295081968,0.16135701537132263
0.949814126394052,0.9344262295081968,0.16089528799057007
0.949814126394052,0.940387481371088,0.16042782366275787
0.9526022304832714,0.940387481371088,0.15863512456417084
0.9526022304832714,0.9418777943368107,0.15773579478263855
0.9535315985130112,0.9418777943368107,0.15678249299526215
0.9535315985130112,0.9448584202682563,0.15664009749889374
0.9563197026022305,0.9448584202682563,0.15581262111663818
0.9563197026022305,0.9478390461997019,0.154447540640831
0.9572490706319703,0.9478390461997019,0.1544375866651535
0.9572490706319703,0.9493293591654247,0.15428513288497925
0.9591078066914498,0.9493293591654247,0.15407231450080872
0.9591078066914498,0.9508196721311475,0.1539892554283142
0.9609665427509294,0.9508196721311475,0.15334133803844452
0.9609665427509294,0.9552906110283159,0.15178978443145752
0.9618959107806692,0.9552906110283159,0.15143337845802307
0.9618959107806692,0.9567809239940388,0.15105454623699188
0.9628252788104089,0.9567809239940388,0.1506960242986679
0.9628252788104089,0.9597615499254843,0.1476106345653534
0.9656133828996283,0.9597615499254843,0.14722539484500885
0.9656133828996283,0.970193740685544,0.1437012404203415
0.966542750929368,0.970193740685544,0.14334462583065033
0.966542750929368,0.9731743666169895,0.1422404795885086
0.9693308550185874,0.9731743666169895,0.1348794847726822
0.9693308550185874,0.9746646795827124,0.13391663134098053
0.974907063197026,0.9746646795827124,0.1301172971725464
0.974907063197026,0.977645305514158,0.12954726815223694
0.9786245353159851,0.977645305514158,0.1263165920972824
0.9786245353159851,0.9791356184798807,0.12584629654884338
0.9823420074349443,0.9791356184798807,0.1236724704504013
0.9823420074349443,0.9806259314456036,0.12333349883556366
0.9851301115241635,0.9806259314456036,0.1226687878370285
0.9851301115241635,0.9821162444113264,0.12199460715055466
0.9860594795539034,0.9821162444113264,0.1212790235877037
0.9860594795539034,0.9836065573770492,0.12025023996829987
0.9879182156133829,0.9836065573770492,0.11865492910146713
0.9879182156133829,0.9850968703427719,0.11796294152736664
0.9907063197026023,0.9850968703427719,0.11448914557695389
0.9907063197026023,0.9865871833084948,0.10936713218688965
0.9925650557620818,0.9865871833084948,0.10720605403184891
0.9925650557620818,0.9880774962742176,0.10638666152954102
0.9944237918215614,0.9880774962742176,0.09327249228954315
0.9944237918215614,0.992548435171386,0.0894879624247551
0.9962825278810409,0.992548435171386,0.08686386793851852
0.9962825278810409,0.9940387481371088,0.08663640916347504
0.9981412639405205,0.9940387481371088,0.08228951692581177
0.9981412639405205,0.9955290611028316,0.08085066825151443
1.0,0.9955290611028316,0.06894237548112869
1.0,1.0,0.0537068210542202
